measureset_id,trait,url,chrom,pos,ref,alt,mut,symbol,clinical_significance,review_status,hgvs_c,hgvs_p,all_submitters,all_traits,all_pmids,pathogenic,conflicted
35824,CFTR-RELATED DISORDERS,http://www.ncbi.nlm.nih.gov/clinvar/variation/35824,7,117120162,C,T,ALT,CFTR,Likely pathogenic,"criteria provided, multiple submitters, no conflicts",NM_000492.3:c.14C>T,NP_000483.3:p.Pro5Leu,LabCorp;Invitae ;Counsyl,Cystic fibrosis;Cystic Fibrosis;CFTR-related disorders;Cystic fibrosis,"21422883,20351101,19724303,19888064,9580754,17594397,21938795,12394352,18306312,17594398,17331079,19897426,21520337,15789152,25431289,20675678,20605539,25981758,24014130,11280952,20351098,21983161,9439669,17235394,17137500,20301428,22475884,19914443,19914445",1,0
35893,CFTR-RELATED DISORDERS,http://www.ncbi.nlm.nih.gov/clinvar/variation/35893,7,117144344,C,T,ALT,CFTR,Uncertain significance,"criteria provided, multiple submitters, no conflicts",NM_000492.3:c.91C>T,NP_000483.3:p.Arg31Cys,LabCorp;Invitae ;Emory Genetics Laboratory,Cystic fibrosis;Cystic Fibrosis;CFTR-related disorders;Cystic fibrosis,"21422883,7522211,19888064,9580754,21938795,12394352,16339147,16678503,14526128,15789152,25431289,20675678,20605539,25981758,24014130,11280952,19202204,17098864,18716917,12452372,9921909,20301428,22475884,19914443,19914445",0,0
35819,CFTR-RELATED DISORDERS,http://www.ncbi.nlm.nih.gov/clinvar/variation/35819,7,117144378,C,T,ALT,CFTR,Likely pathogenic,"criteria provided, single submitter",NM_000492.3:c.125C>T,NP_000483.3:p.Ser42Phe,LabCorp;Invitae,Cystic fibrosis;Cystic Fibrosis;CFTR-related disorders,"21422883,12007216,19888064,9580754,19885835,21938795,12394352,16126774,16801189,19897426,15789152,25431289,20675678,20605539,25981758,24014130,11280952,7541510,15084222,20301428,22475884,19914443,19914445",1,0
35846,CFTR-RELATED DISORDERS,http://www.ncbi.nlm.nih.gov/clinvar/variation/35846,7,117149199,A,C,ALT,CFTR,Likely pathogenic;Pathogenic,reviewed by expert panel,NM_000492.3:c.273+3A>C,NA,LabCorp;Invitae ;CFTR2,Cystic fibrosis;Cystic Fibrosis;CFTR-related disorders;Cystic fibrosis,"21422883,9950364,9150159,19888064,9580754,12089190,21938795,12394352,15371902,15371903,16049310,15789152,25431289,20675678,20605539,25981758,24014130,11280952,20616359,18456578,23974870,20301428,22475884,15025720,19914443,19914445",1,0
35890,CFTR-RELATED DISORDERS,http://www.ncbi.nlm.nih.gov/clinvar/variation/35890,7,117176683,C,G,ALT,CFTR,Likely pathogenic,"criteria provided, single submitter",NM_000492.3:c.825C>G,NP_000483.3:p.Tyr275Ter,LabCorp;Invitae,Cystic fibrosis;Classic Cystic Fibrosis;CFTR-related disorders,"21422883,20605539,19914443,25981758,11280952,24014130,19888064,9580754,25431289,20301428,10794365,15789152,21938795,12394352,22475884,20675678,19914445",1,0
35892,CFTR-RELATED DISORDERS,http://www.ncbi.nlm.nih.gov/clinvar/variation/35892,7,117176711,A,T,ALT,CFTR,Likely pathogenic,"criteria provided, single submitter",NM_000492.3:c.853A>T,NP_000483.3:p.Ile285Phe,LabCorp;Invitae,Cystic fibrosis;Cystic Fibrosis;CFTR-related disorders,"21422883,20605539,19914443,16362824,11280952,24014130,19888064,9580754,25431289,20301428,25981758,15789152,21938795,12394352,19810821,22475884,20675678,19914445",1,0
35894,CFTR-RELATED DISORDERS,http://www.ncbi.nlm.nih.gov/clinvar/variation/35894,7,117180242,T,G,ALT,CFTR,Likely pathogenic,"criteria provided, single submitter",NM_000492.3:c.958T>G,NP_000483.3:p.Leu320Val,LabCorp;Invitae,Cystic fibrosis;Cystic Fibrosis;CFTR-related disorders,"21422883,20605539,19914443,19888064,24014130,11280952,9580754,25431289,20059485,20301428,25981758,15789152,21938795,12394352,22475884,20706124,20675678,19914445",1,0
7182,CFTR-RELATED DISORDERS,http://www.ncbi.nlm.nih.gov/clinvar/variation/7182,7,117180324,G,A,ALT,CFTR,Pathogenic,reviewed by expert panel,NM_000492.3:c.1040G>A,NP_000483.3:p.Arg347His,Invitae ;OMIM;CFTR2;LabCorp,Nonclassic cystic fibrosis;Non-classic Cystic Fibrosis;Cystic fibrosis;CFTR-related disorders;CYSTIC FIBROSIS,"21422883,12007216,11118444,7542223,10444722,9580754,9259197,21938795,12394352,8740923,7529962,7543317,9550362,9272157,15371903,19652440,7589561,15176679,15070876,15789152,15537723,22475884,20675678,9259194,20605539,25981758,1284538,19888064,24014130,11280952,15994263,8659542,15371902,11168024,12865275,7683952,18456578,7694154,12940920,23974870,7513294,10503604,20301428,25431289,10653141,7513293,19914443,19914445",1,0
35816,CFTR-RELATED DISORDERS,http://www.ncbi.nlm.nih.gov/clinvar/variation/35816,7,117180338,C,T,ALT,CFTR,Likely pathogenic,"criteria provided, single submitter",NM_000492.3:c.1054C>T,NP_000483.3:p.Arg352Trp,LabCorp;Invitae,Cystic fibrosis;Cystic Fibrosis;CFTR-related disorders,"21422883,20605539,19914443,15858154,21938795,19888064,24014130,11280952,9580754,19897426,18421494,25431289,20301428,25981758,15789152,16189704,12394352,22475884,20675678,16126774,19914445",1,0
35821,CFTR-RELATED DISORDERS,http://www.ncbi.nlm.nih.gov/clinvar/variation/35821,7,117188852,T,C,ALT,CFTR,Likely pathogenic,"criteria provided, single submitter",NM_000492.3:c.1367T>C,NP_000483.3:p.Val456Ala,LabCorp;Invitae,Cystic fibrosis;Cystic Fibrosis;CFTR-related disorders,"21422883,17968991,19914443,12544470,14998948,19888064,24014130,11280952,9580754,22475884,25431289,20301428,25981758,15789152,17035430,21938795,12394352,12357328,20675678,20605539,19914445",1,0
35822,CFTR-RELATED DISORDERS,http://www.ncbi.nlm.nih.gov/clinvar/variation/35822,7,117199522,C,G,ALT,CFTR,Pathogenic,reviewed by expert panel,NM_000492.3:c.1397C>G,NP_000483.3:p.Ser466Ter,LabCorp;Invitae ;CFTR2,Cystic fibrosis;Cystic Fibrosis;CFTR-related disorders;Cystic fibrosis,"21422883,20605539,19914443,19888064,23974870,24014130,11280952,9580754,21296036,25431289,20301428,25981758,15789152,22475884,21938795,12394352,7509683,20675678,19914445",1,0
35825,CFTR-RELATED DISORDERS,http://www.ncbi.nlm.nih.gov/clinvar/variation/35825,7,117199683,G,A,ALT,CFTR,Likely pathogenic;Uncertain significance,"criteria provided, conflicting interpretations",NM_000492.3:c.1558G>A,NP_000483.3:p.Val520Ile,Invitae ;Emory Genetics Laboratory;LabCorp,Non-classic Cystic Fibrosis;not provided;Cystic fibrosis;CFTR-related disorders;Nonclassic cystic fibrosis,"21422883,20605539,25981758,23757202,19888064,24014130,11280952,9580754,20301428,16596947,25431289,15789152,21938795,12394352,17020473,22475884,20675678,19914445,19914443",1,0
35827,CFTR-RELATED DISORDERS,http://www.ncbi.nlm.nih.gov/clinvar/variation/35827,7,117199721,T,C,ALT,CFTR,Uncertain significance,"criteria provided, single submitter",NM_000492.3:c.1584+12T>C,NA,LabCorp;Invitae,Cystic fibrosis;Cystic Fibrosis;CFTR-related disorders,"8445619,21422883,20605539,19914443,1284534,7573058,19888064,24014130,11280952,9580754,7681034,25431289,20301428,9239681,15789152,21938795,12394352,22475884,20675678,19914445,25981758",0,0
35828,CFTR-RELATED DISORDERS,http://www.ncbi.nlm.nih.gov/clinvar/variation/35828,7,117227785,G,A,ALT,CFTR,Pathogenic,reviewed by expert panel,NM_000492.3:c.1585-8G>A,NA,LabCorp;CFTR2;Invitae,Cystic fibrosis;Cystic Fibrosis;Cystic fibrosis;CFTR-related disorders,"21422883,19318025,19888064,9580754,21938795,12394352,17718859,7526928,15789152,22475884,20675678,20605539,25981758,10923036,24014130,11280952,15994263,9099843,23974870,20301428,25431289,19914443,19914445",1,0
7120,CFTR-RELATED DISORDERS,http://www.ncbi.nlm.nih.gov/clinvar/variation/7120,7,117227860,G,A,ALT,CFTR,Pathogenic,practice guideline,NM_000492.3:c.1652G>A,NP_000483.3:p.Gly551Asp,GeneReviews;American College of Medical Genetics and Genomics  (ACMG);LabCorp;OMIM;Invitae ;CFTR2,CFTR-related disorders;Hereditary pancreatitis;Cystic fibrosis;Cystic Fibrosis;CYSTIC FIBROSIS,"21422883,2236053,12007216,1283148,19888064,9580754,7522329,10341008,21938795,12394352,7506096,8166795,10875853,7543317,1999830,9272157,1695717,7573058,16822950,9917439,22379635,15789152,7599637,20675678,17015492,1678049,25981758,16837565,24624459,22318583,24014130,11280952,21416780,22047557,19774621,15371902,19092437,20605539,11168024,12865275,15371903,8605891,10653141,1379413,12767731,23974870,1376016,20301428,25431289,22475884,8707306,19914443,21083385,19914445",1,0
35829,CFTR-RELATED DISORDERS,http://www.ncbi.nlm.nih.gov/clinvar/variation/35829,7,117227881,T,C,ALT,CFTR,Likely pathogenic,"criteria provided, single submitter",NM_000492.3:c.1673T>C,NP_000483.3:p.Leu558Ser,LabCorp;Invitae,Cystic fibrosis;Cystic Fibrosis;CFTR-related disorders,"21422883,8844213,7542223,19888064,9580754,21938795,12394352,1284534,17331079,16049310,15789152,7525963,25431289,20675678,17850636,20605539,25981758,10923036,24014130,11280952,21416780,10798368,7525450,20301428,22475884,15638824,19914443,19914445",1,0
35831,CFTR-RELATED DISORDERS,http://www.ncbi.nlm.nih.gov/clinvar/variation/35831,7,117230416,CA,C,ALT,CFTR,Likely pathogenic;Pathogenic,reviewed by expert panel,NM_000492.3:c.1692delA,NP_000483.3:p.Asp565Metfs,LabCorp;Invitae ;CFTR2,Cystic fibrosis;Cystic Fibrosis;CFTR-related disorders;Cystic fibrosis,"21422883,20605539,19914443,11280952,23974870,24014130,19888064,9580754,25431289,20301428,25981758,15789152,21938795,12394352,22475884,20675678,19914445",1,0
35832,CFTR-RELATED DISORDERS,http://www.ncbi.nlm.nih.gov/clinvar/variation/35832,7,117230458,C,T,ALT,CFTR,Likely pathogenic,"criteria provided, single submitter",NM_000492.3:c.1731C>T,NP_000483.3:p.Tyr577=,LabCorp;Invitae,Cystic fibrosis;Cystic Fibrosis;CFTR-related disorders,"21422883,20605539,19914443,15463919,11280952,24014130,19888064,9580754,25431289,20301428,25981758,15789152,21938795,12394352,22475884,20675678,19914445",1,0
35833,CFTR-RELATED DISORDERS,http://www.ncbi.nlm.nih.gov/clinvar/variation/35833,7,117232086,G,A,ALT,CFTR,Likely pathogenic;Pathogenic,"criteria provided, single submitter",NM_000492.3:c.1865G>A,NP_000483.3:p.Gly622Asp,Invitae ;LabCorp,Non-classic Cystic Fibrosis;Cystic fibrosis;CFTR-related disorders;Nonclassic cystic fibrosis,"21422883,19888064,9580754,21938795,12394352,9736778,15354332,16596947,18178635,15789152,22475884,20675678,18230692,20605539,25981758,24014130,11280952,17329263,12940920,20435887,20301428,25431289,19914443,19914445,19833837",1,0
35834,CFTR-RELATED DISORDERS,http://www.ncbi.nlm.nih.gov/clinvar/variation/35834,7,117232131,AG,A,ALT,CFTR,Pathogenic,"criteria provided, single submitter",NM_000492.3:c.1911delG,NP_000483.3:p.Gln637Hisfs,LabCorp;Invitae,Cystic fibrosis;Cystic Fibrosis;CFTR-related disorders,"21422883,19888064,9580754,21938795,12394352,20797923,1379210,15371903,20301428,9429141,15789152,25431289,20675678,21198395,20605539,25981758,1284534,24014130,11280952,18456578,7525450,9521595,12521276,22475884,19914443,19914445",1,0
35836,CFTR-RELATED DISORDERS,http://www.ncbi.nlm.nih.gov/clinvar/variation/35836,7,117232231,AT,A,ALT,CFTR,Pathogenic,reviewed by expert panel,NM_000492.3:c.2012delT,NP_000483.3:p.Leu671Terfs,LabCorp;CFTR2;Invitae,Cystic fibrosis;Cystic Fibrosis;Cystic fibrosis;CFTR-related disorders,"21422883,19888064,9580754,16051530,21938795,12394352,9272157,15371903,15789152,22475884,20675678,20605539,25981758,9162681,24014130,11280952,18456578,23974870,1283149,20301428,25431289,19914443,19914445",1,0
35838,CFTR-RELATED DISORDERS,http://www.ncbi.nlm.nih.gov/clinvar/variation/35838,7,117232266,C,CA,ALT,CFTR,Pathogenic,reviewed by expert panel,NM_000492.3:c.2052dupA,NP_000483.3:p.Gln685Thrfs,Invitae ;Emory Genetics Laboratory;CFTR2;LabCorp,not provided;Cystic fibrosis;CFTR-related disorders;Classic Cystic Fibrosis,"21422883,17378246,12007216,8844213,19888064,9580754,15727251,21938795,12394352,11013869,20659818,9272157,17331079,22658665,15789152,22475884,15520400,20605539,25981758,10923036,9162681,20734777,24014130,11280952,9482579,11589722,12865275,7525450,20675678,23974870,21296036,20301428,25431289,7505689,15638824,19914443,19914445",1,0
35837,CFTR-RELATED DISORDERS,http://www.ncbi.nlm.nih.gov/clinvar/variation/35837,7,117232272,AA,G,ALT,CFTR,Pathogenic,reviewed by expert panel,NM_000492.3:c.2051_2052delAAinsG,NP_000483.3:p.Lys684Serfs,LabCorp;CFTR2;Invitae,Cystic fibrosis;Cystic Fibrosis;Cystic fibrosis;CFTR-related disorders,"21422883,7517268,19888064,9580754,25981758,21938795,12394352,7508414,7543317,15371902,15371903,15176679,15789152,10388469,20675678,16311287,20605539,9259197,19014055,10819640,24014130,11280952,10571955,25431289,11101688,8825054,7525450,23974870,20059485,20301428,22475884,19914443,19914445,15709055",1,0
35840,CFTR-RELATED DISORDERS,http://www.ncbi.nlm.nih.gov/clinvar/variation/35840,7,117232595,C,G,ALT,CFTR,Likely pathogenic,"criteria provided, single submitter",NM_000492.3:c.2374C>G,NP_000483.3:p.Arg792Gly,Invitae ;LabCorp,Congenital bilateral absence of the vas deferens;Cystic fibrosis;CFTR-related disorders;Congenital Bilateral Absence of the Vas Deferens,"21422883,20605539,25981758,20675678,12940920,24014130,11280952,9580754,22081250,20059485,20301428,10878476,25431289,22475884,21938795,12394352,9736778,15789152,19888064,19914443,19914445",1,0
35843,CFTR-RELATED DISORDERS,http://www.ncbi.nlm.nih.gov/clinvar/variation/35843,7,117235090,G,A,ALT,CFTR,Likely pathogenic,"criteria provided, single submitter",NM_000492.3:c.2597G>A,NP_000483.3:p.Cys866Tyr,LabCorp;Invitae,Cystic fibrosis;Cystic Fibrosis;CFTR-related disorders,"21422883,8844213,19888064,9580754,11379874,21938795,12394352,1284534,11914543,15789152,22475884,20675678,12124743,20605539,25981758,10923036,24014130,11280952,7521710,20301428,25431289,19914443,19914445",1,0
35850,CFTR-RELATED DISORDERS,http://www.ncbi.nlm.nih.gov/clinvar/variation/35850,7,117243741,T,G,ALT,CFTR,Likely pathogenic,"criteria provided, single submitter",NM_000492.3:c.2813T>G,NP_000483.3:p.Val938Gly,Invitae ;LabCorp,Congenital bilateral absence of the vas deferens;Cystic fibrosis;CFTR-related disorders;Congenital Bilateral Absence of the Vas Deferens,"21422883,19888064,9580754,21938795,12394352,9272157,10755189,22081250,15789152,22475884,17507277,20675678,20605539,25981758,24014130,11280952,17329263,17175965,20059485,20301428,25431289,19914443,19914445",1,0
35854,CFTR-RELATED DISORDERS,http://www.ncbi.nlm.nih.gov/clinvar/variation/35854,7,117246728,G,A,ALT,CFTR,Likely pathogenic,"criteria provided, multiple submitters, no conflicts",NM_000492.3:c.2909G>A,NP_000483.3:p.Gly970Asp,"Invitae ;Laboratory for Molecular Medicine,Partners HealthCare Personalized Medicine;LabCorp",Non-classic Cystic Fibrosis;Cystic fibrosis;CFTR-related disorders;Nonclassic cystic fibrosis,"21422883,11158459,19888064,9580754,21938795,12394352,23302613,15789152,22475884,20675678,24033266,20605539,25981758,15357566,24014130,11280952,22483971,10453741,20301428,25431289,19914443,19914445",1,0
35855,CFTR-RELATED DISORDERS,http://www.ncbi.nlm.nih.gov/clinvar/variation/35855,7,117246751,A,T,ALT,CFTR,Likely pathogenic,"criteria provided, single submitter",NM_000492.3:c.2932A>T,NP_000483.3:p.Lys978Ter,LabCorp;Invitae,Cystic fibrosis;Cystic Fibrosis;CFTR-related disorders,"21422883,20605539,19914443,11280952,24014130,19888064,9580754,25431289,20301428,25981758,15789152,21938795,12394352,22475884,20675678,19914445",1,0
35857,CFTR-RELATED DISORDERS,http://www.ncbi.nlm.nih.gov/clinvar/variation/35857,7,117246807,G,A,ALT,CFTR,Pathogenic;Uncertain significance,reviewed by expert panel,NM_000492.3:c.2988G>A,NP_000483.3:p.Gln996=,Invitae ;Emory Genetics Laboratory;CFTR2;LabCorp,not provided;Cystic fibrosis;CFTR-related disorders;Cystic Fibrosis,"21422883,20605539,25981758,11280952,16436646,24014130,19888064,9580754,23757202,23974870,20301428,25431289,22475884,21938795,12394352,15789152,20675678,19914443,19914445,12865275",1,0
7224,CFTR-RELATED DISORDERS,http://www.ncbi.nlm.nih.gov/clinvar/variation/7224,7,117246808,G,A,ALT,CFTR,Pathogenic,practice guideline,NM_000492.3:c.2988+1G>A,NA,Emory Genetics Laboratory;American College of Medical Genetics and Genomics  (ACMG);LabCorp;OMIM;Invitae ;CFTR2,Classic Cystic Fibrosis;not provided;Cystic fibrosis;CFTR-related disorders;CYSTIC FIBROSIS,"21422883,20605539,25981758,19092437,23757202,19888064,9683582,24014130,11280952,9580754,21416780,23974870,20301428,25431289,22475884,21938795,12394352,15789152,20675678,19914445,19914443",1,0
35858,CFTR-RELATED DISORDERS,http://www.ncbi.nlm.nih.gov/clinvar/variation/35858,7,117250571,A,T,ALT,CFTR,Likely pathogenic,"criteria provided, single submitter",NM_000492.3:c.2989-2A>T,NA,LabCorp;Invitae,Cystic fibrosis;Cystic Fibrosis;CFTR-related disorders,"21422883,20605539,19914443,20301428,11280952,24014130,19888064,9580754,25431289,7541510,25981758,15789152,21938795,12394352,22475884,20675678,19914445",1,0
35861,CFTR-RELATED DISORDERS,http://www.ncbi.nlm.nih.gov/clinvar/variation/35861,7,117250679,A,G,ALT,CFTR,Likely pathogenic,"criteria provided, single submitter",NM_000492.3:c.3095A>G,NP_000483.3:p.Tyr1032Cys,LabCorp;Invitae,Cystic fibrosis;Cystic Fibrosis;CFTR-related disorders,"21422883,20605539,19914443,9272157,19888064,16801189,24014130,11280952,9580754,25431289,20059485,20301428,25981758,15789152,22475884,21938795,12394352,12133923,20675678,19914445",1,0
35866,CFTR-RELATED DISORDERS,http://www.ncbi.nlm.nih.gov/clinvar/variation/35866,7,117251704,G,A,ALT,CFTR,Likely pathogenic;Pathogenic,"criteria provided, multiple submitters, no conflicts",NM_000492.3:c.3209G>A,NP_000483.3:p.Arg1070Gln,Invitae ;Emory Genetics Laboratory;Counsyl;LabCorp,CFTR-related disorders;Non-classic Cystic Fibrosis;Cystic fibrosis;Congenital bilateral absence of the vas deferens;Nonclassic cystic fibrosis,"21422883,12007216,19707853,18951463,19888064,17489851,21938795,12394352,11242048,11180668,22081250,7529319,16049310,15789152,25431289,20675678,7683628,15880796,20605539,25981758,1284534,24014130,11280952,9580754,8662892,7512860,7544320,18456578,23974870,20301428,22475884,8702904,12955726,19914443,19914445",1,0
7194,CFTR-RELATED DISORDERS,http://www.ncbi.nlm.nih.gov/clinvar/variation/7194,7,117251761,G,A,ALT,CFTR,Pathogenic,reviewed by expert panel,NM_000492.3:c.3266G>A,NP_000483.3:p.Trp1089Ter,OMIM;LabCorp;CFTR2;Invitae,Cystic fibrosis;CYSTIC FIBROSIS;Cystic Fibrosis;Cystic fibrosis;CFTR-related disorders,"21422883,7539210,19888064,9580754,21938795,12394352,1284534,15371902,15371903,7520798,7529319,9917439,16049310,10794365,15789152,25431289,20675678,15948195,25981758,10923036,24014130,11280952,11336401,20605539,18456578,23974870,20301428,22475884,19914443,19914445",1,0
35867,CFTR-RELATED DISORDERS,http://www.ncbi.nlm.nih.gov/clinvar/variation/35867,7,117254753,G,C,ALT,CFTR,Pathogenic,"criteria provided, multiple submitters, no conflicts",NM_000492.3:c.3454G>C,NP_000483.3:p.Asp1152His,Invitae ;Emory Genetics Laboratory;LabCorp,Bronchiectasis;CFTR-related disorders;Nonclassic cystic fibrosis;Congenital bilateral absence of the vas deferens;Cystic fibrosis;Non-classic Cystic Fibrosis,"21422883,25033378,20301428,17591940,19888064,9580754,11180668,21938795,12394352,15371902,15371903,7573058,15176679,22081250,21520337,9804160,15070876,15722457,15789152,12124706,20675678,9259194,20605539,25981758,10923036,19014055,16429425,19843100,24014130,11280952,21416780,15952991,9272157,18456578,12014388,23974870,7539210,25431289,22475884,12955726,19914443,19914445",1,0
35868,CFTR-RELATED DISORDERS,http://www.ncbi.nlm.nih.gov/clinvar/variation/35868,7,117267633,AC,A,ALT,CFTR,Pathogenic,practice guideline,NM_000492.3:c.3528delC,NP_000483.3:p.Lys1177Serfs,LabCorp;American College of Medical Genetics and Genomics  (ACMG);CFTR2;Invitae,Cystic fibrosis;Cystic Fibrosis;Cystic fibrosis;Cystic fibrosis;CFTR-related disorders,"1371263,21422883,2236053,12007216,19888064,9580754,16051530,12089190,21938795,12394352,7508414,1379210,9272157,15371903,10636451,15789152,25431289,20675678,7550243,20605539,9259197,24014130,11280952,8889582,12865275,18456578,25981758,23974870,1376016,20301428,22475884,8707306,19914443,19914445,15709055",1,0
35871,CFTR-RELATED DISORDERS,http://www.ncbi.nlm.nih.gov/clinvar/variation/35871,7,117267795,AT,A,ALT,CFTR,Likely pathogenic;Pathogenic,reviewed by expert panel,NM_000492.3:c.3691delT,NP_000483.3:p.Ser1231Profs,LabCorp;Invitae ;CFTR2,Cystic fibrosis;Cystic Fibrosis;CFTR-related disorders;Cystic fibrosis,"21422883,20605539,19914443,15371903,16454991,11280952,23974870,24014130,19888064,9580754,25431289,20301428,25981758,15789152,21938795,12394352,22475884,20675678,1710600,19914445",1,0
35878,CFTR-RELATED DISORDERS,http://www.ncbi.nlm.nih.gov/clinvar/variation/35878,7,117292915,G,C,ALT,CFTR,Likely pathogenic,"criteria provided, single submitter",NM_000492.3:c.3893G>C,NP_000483.3:p.Gly1298Ala,LabCorp;Invitae,Cystic fibrosis;Cystic Fibrosis;CFTR-related disorders,"21422883,20605539,19914443,11280952,24014130,19888064,9580754,25431289,20301428,25981758,15789152,21938795,12394352,22475884,20675678,19914445",1,0
35879,CFTR-RELATED DISORDERS,http://www.ncbi.nlm.nih.gov/clinvar/variation/35879,7,117292978,C,CAGGG,ALT,CFTR,Likely pathogenic,"criteria provided, single submitter",NM_000492.3:c.3957_3958insAGGG,NP_000483.3:p.Asp1320Argfs,LabCorp;Invitae,Cystic fibrosis;Cystic Fibrosis;CFTR-related disorders,"21422883,20605539,19914443,11280952,24014130,19888064,9580754,25431289,20301428,25981758,15789152,21938795,12394352,22475884,20675678,19914445",1,0
35881,CFTR-RELATED DISORDERS,http://www.ncbi.nlm.nih.gov/clinvar/variation/35881,7,117304824,G,A,ALT,CFTR,Pathogenic,reviewed by expert panel,NM_000492.3:c.4046G>A,NP_000483.3:p.Gly1349Asp,LabCorp;Invitae ;CFTR2,Cystic fibrosis;Cystic Fibrosis;CFTR-related disorders;Cystic fibrosis,"21422883,19837660,7518829,1712898,19888064,9580754,20053923,19491324,21938795,12394352,16311240,7544319,21383017,9272157,17452495,11242048,8741733,15705292,15722457,15789152,17578899,25431289,20675678,12124743,20605539,25981758,24014130,11280952,9950763,23974870,19114635,19914445,17353351,20301428,22475884,15638824,19914443,16604470",1,0
